<?xml version="1.0" encoding="utf-8"?>
<exslt:function xmlns:exslt="http://exslt.org/documentation" xmlns:rdf="http://www.w3.org/1999/02/22-rdf-syntax-ns#" xmlns:dc="http://purl.org/dc/elements/1.1/" xmlns:html="http://www.w3.org/1999/xhtml" xmlns:vcf="http://www.ietf.org/internet-drafts/draft-dawson-vcard-xml-dtd-03.txt" version="1" module="math" status="implemented">
   <exslt:name>power</exslt:name>
   <rdf:Description ID="math:power">
      <dc:subject>EXSLT</dc:subject>
      <dc:subject>math</dc:subject>
      <dc:subject>power</dc:subject>
      <exslt:revision>
         <rdf:Description ID="math:power.1">
            <exslt:version>1</exslt:version>
            <dc:creator rdf:parseType="Resource">
               <vcf:fn>Jeni Tennison</vcf:fn>
               <vcf:email>mail@jenitennison.com</vcf:email>
               <vcf:url>http://www.jenitennison.com</vcf:url>
            </dc:creator>
            <dc:date>2001-05-22</dc:date>
            <dc:description>
               <dc:description>
                  <html:div>Returns the result of raising a number to the power.</html:div>
               </dc:description>
            </dc:description>
         </rdf:Description>
      </exslt:revision>
   </rdf:Description>
   <exslt:doc>
      <html:div>
         <html:p>
            The <html:code>math:power</html:code> function returns the value of a base expression taken to a specified power. 
	      </html:p>
      </html:div>
   </exslt:doc>
   <exslt:definition>
      <exslt:return type="number">
         <html:div/>
      </exslt:return>
      <exslt:arg name="base" type="number" default="1" optional="no">
         <html:div/>
      </exslt:arg>
      <exslt:arg name="power" type="number" default="0" optional="no">
         <html:div/>
      </exslt:arg>
   </exslt:definition>
   <exslt:implementations>
      <exslt:implementation src="math.power.msxsl.xsl" language="exslt:xslt" version="1"/>
      <exslt:implementation src="math.power.js" language="exslt:javascript" version="1"/>
      <exslt:implementation src="math.power.function.xsl" language="exslt:exsl" version="1"/>
   </exslt:implementations>
   <exslt:use-cases/>
</exslt:function>