<?xml version="1.0" encoding="utf-8"?>
<exslt:function xmlns:exslt="http://exslt.org/documentation" xmlns:rdf="http://www.w3.org/1999/02/22-rdf-syntax-ns#" xmlns:dc="http://purl.org/dc/elements/1.1/" xmlns:html="http://www.w3.org/1999/xhtml" xmlns:vcf="http://www.ietf.org/internet-drafts/draft-dawson-vcard-xml-dtd-03.txt" version="1" module="math" status="implemented">
   <exslt:name>acos</exslt:name>
   <rdf:Description ID="math:acos">
      <dc:subject>EXSLT</dc:subject>
      <dc:subject>math</dc:subject>
      <dc:subject>acos</dc:subject>
      <exslt:revision>
         <rdf:Description ID="math:acos.1">
            <exslt:version>1</exslt:version>
            <dc:creator rdf:parseType="Resource">
               <vcf:fn>James Fuller</vcf:fn>
               <vcf:email>cutlass@secure0.com</vcf:email>
               <vcf:url>http://www.on-idle.com</vcf:url>
            </dc:creator>
            <dc:date>2001-06-16</dc:date>
            <dc:description>
               <dc:description>
                  <html:div>Returns the arcosine value of the passed argument.</html:div>
               </dc:description>
            </dc:description>
         </rdf:Description>
      </exslt:revision>
   </rdf:Description>
   <exslt:doc>
      <html:div>
         <html:p>
         The <html:code>math:acos</html:code> function returns the arccosine value of a number.
      </html:p>
      </html:div>
   </exslt:doc>
   <exslt:definition>
      <exslt:return type="number">
         <html:div/>
      </exslt:return>
      <exslt:arg name="value" type="number" default="0" optional="no">
         <html:div/>
      </exslt:arg>
   </exslt:definition>
   <exslt:implementations>
      <exslt:implementation src="math.acos.msxsl.xsl" language="exslt:msxsl" version="1"/>
      <exslt:implementation src="math.acos.js" language="exslt:javascript" version="1"/>
   </exslt:implementations>
   <exslt:use-cases/>
</exslt:function>